{
  "xsappname": "RUMPKE_ODATA",
  "tenant-mode": "dedicated",

  "scopes": [
    {
      "name": "$XSAPPNAME.Viewer",
      "description": "Viewer"
    }
  ],
  "role-templates": [
    {
      "name": "Viewer",
      "description": "Viewer",
      "scope-references": [
        "$XSAPPNAME.Viewer"
      ]
    }
  ]
  ,
  "role-collections": [
    {
      "name": "RUMPKE_ODATA_Viewer",
      "description": "Viewing access",
      "role-template-references": [
        "$XSAPPNAME.Viewer"
      ]
    }
  ]
}